Sector	Code	Name	ChagesRatio	Marcap	Amount	MACD
AI	096250	와이즈넛	17.45	2012	209	1. 상승 추세 / 추세 확대중
AI	304100	솔트룩스	17.35	4997	982	1. 상승 추세 / 추세 확대중
AI	402030	코난테크놀로지	12.67	3629	155	1. 상승 추세 / 추세 확대중
AI	389140	포바이포	11.08	2233	747	2. 상승 추세 / 눌림목
AI	108860	셀바스AI	7.92	3891	91	1. 상승 추세 / 추세 확대중
AI	210120	캔버스엔	6.03	1095	16	2. 상승 추세 / 눌림목
AI	039980	폴라리스AI	3.61	2137	66	1. 상승 추세 / 추세 확대중
AI	377480	마음AI	1.36	1739	429	1. 상승 추세 / 추세 확대중
AI	163280	에어레인	-0.48	1704	39	2. 상승 추세 / 눌림목
IT소프트웨어	094480	갤럭시아머니트리	29.95	3471	123	1. 상승 추세 / 추세 확대중
IT소프트웨어	377300	카카오페이	29.92	50577	77	1. 상승 추세 / 추세 확대중
IT소프트웨어	053300	한국정보인증	24.88	2516	184	1. 상승 추세 / 추세 확대중
IT소프트웨어	124500	아이티센글로벌	17.01	2819	109	1. 상승 추세 / 추세 확대중
IT소프트웨어	158430	아톤	15.66	1470	14	1. 상승 추세 / 추세 확대중
IT소프트웨어	035720	카카오	13.54	185739	817	1. 상승 추세 / 추세 확대중
IT소프트웨어	163730	핑거	10.93	1143	64	1. 상승 추세 / 추세 확대중
IT소프트웨어	181710	NHN	10.25	6503	11	1. 상승 추세 / 추세 확대중
IT소프트웨어	030520	한글과컴퓨터	10.07	6153	233	1. 상승 추세 / 추세 확대중
IT소프트웨어	052400	코나아이	8.8	8257	2061	1. 상승 추세 / 추세 확대중
IT소프트웨어	023590	다우기술	5.28	12136	37	1. 상승 추세 / 추세 확대중
IT소프트웨어	047560	이스트소프트	4.22	2469	48	1. 상승 추세 / 추세 확대중
IT소프트웨어	294570	쿠콘	3.92	2517	235	1. 상승 추세 / 추세 확대중
IT소프트웨어	377030	비트맥스	3.34	1660	57	2. 상승 추세 / 눌림목
IT소프트웨어	356680	엑스게이트	3.3	2312	11	2. 상승 추세 / 눌림목
IT소프트웨어	307950	현대오토에버	3.15	38859	21	2. 상승 추세 / 눌림목
IT소프트웨어	011690	와이투솔루션	3.13	1289	41	2. 상승 추세 / 눌림목
IT소프트웨어	300080	플리토	2.83	1251	24	1. 상승 추세 / 추세 확대중
IT소프트웨어	041020	폴라리스오피스	2.75	2898	23	1. 상승 추세 / 추세 확대중
IT소프트웨어	012750	에스원	1.58	26295	20	1. 상승 추세 / 추세 확대중
IT소프트웨어	413640	비아이매트릭스	1.52	1101	53	1. 상승 추세 / 추세 확대중
IT소프트웨어	086960	MDS테크	1.18	1437	770	2. 상승 추세 / 눌림목
IT소프트웨어	053580	웹케시	0.79	2781	2111	1. 상승 추세 / 추세 확대중
IT소프트웨어	257720	실리콘투	0.78	31258	284	2. 상승 추세 / 눌림목
IT소프트웨어	088340	유라클	0.17	1205	1412	1. 상승 추세 / 추세 확대중
IT소프트웨어	032190	다우데이타	0.17	6576	47	2. 상승 추세 / 눌림목
IT소프트웨어	205100	엑셈	-0.45	1540	15	1. 상승 추세 / 추세 확대중
IT소프트웨어	472850	폰드그룹	-5.33	2878	17	2. 상승 추세 / 눌림목
IT하드웨어/반도체	119830	아이텍	4.35	1320	11	1. 상승 추세 / 추세 확대중
IT하드웨어/반도체	389020	자람테크놀로지	3.23	2510	13	1. 상승 추세 / 추세 확대중
IT하드웨어/반도체	058470	리노공업	2.44	33190	257	1. 상승 추세 / 추세 확대중
IT하드웨어/반도체	000660	SK하이닉스	2.34	1607065	6315	1. 상승 추세 / 추세 확대중
IT하드웨어/반도체	004710	한솔테크닉스	1.71	1708	10	2. 상승 추세 / 눌림목
IT하드웨어/반도체	007660	이수페타시스	1.6	29877	333	2. 상승 추세 / 눌림목
IT하드웨어/반도체	005930	삼성전자	1.27	3397872	5957	1. 상승 추세 / 추세 확대중
IT하드웨어/반도체	222800	심텍	1.17	5870	23	1. 상승 추세 / 추세 확대중
IT하드웨어/반도체	093520	매커스	1.1	2300	73	1. 상승 추세 / 추세 확대중
IT하드웨어/반도체	033320	제이씨현시스템	1.06	1051	11	1. 상승 추세 / 추세 확대중
IT하드웨어/반도체	399720	가온칩스	1.02	4720	12	1. 상승 추세 / 추세 확대중
IT하드웨어/반도체	353200	대덕전자	0.7	7511	12	1. 상승 추세 / 추세 확대중
IT하드웨어/반도체	000990	DB하이텍	0.57	18758	45	1. 상승 추세 / 추세 확대중
IT하드웨어/반도체	218410	RFHIC	0.44	5760	78	1. 상승 추세 / 추세 확대중
IT하드웨어/반도체	102120	어보브반도체	0.42	1952	18	1. 상승 추세 / 추세 확대중
IT하드웨어/반도체	080220	제주반도체	0.15	4622	33	1. 상승 추세 / 추세 확대중
IT하드웨어/반도체	126730	코칩	-0.08	1113	10	2. 상승 추세 / 눌림목
IT하드웨어/반도체	108320	LX세미콘	-0.32	9986	14	1. 상승 추세 / 추세 확대중
IT하드웨어/반도체	011070	LG이노텍	-0.74	34127	57	1. 상승 추세 / 추세 확대중
IT하드웨어/반도체	009150	삼성전기	-1.59	90976	150	1. 상승 추세 / 추세 확대중
IT하드웨어/반도체	214430	아이쓰리시스템	-5.88	5848	20	2. 상승 추세 / 눌림목
가전제품	264850	이랜시스	-0.2	1523	10	1. 상승 추세 / 추세 확대중
건설	012630	HDC	3.05	12247	29	1. 상승 추세 / 추세 확대중
건설	294870	HDC현대산업개발	2.9	15652	17	2. 상승 추세 / 눌림목
건설	010780	아이에스동서	2.55	6746	17	1. 상승 추세 / 추세 확대중
건설	151860	KG에코솔루션	1.83	3041	17	1. 상승 추세 / 추세 확대중
건설	000210	DL	1.34	9828	50	2. 상승 추세 / 눌림목
건설	375500	DL이앤씨	1.02	19172	46	2. 상승 추세 / 눌림목
건설	000720	현대건설	0.15	74162	621	2. 상승 추세 / 눌림목
건설	006360	GS건설	-0.64	19769	67	2. 상승 추세 / 눌림목
건설	047040	대우건설	-0.88	17934	51	2. 상승 추세 / 눌림목
건설	028050	삼성E&A	-0.9	42826	87	2. 상승 추세 / 눌림목
건설	028260	삼성물산	-1.42	267033	605	2. 상승 추세 / 눌림목
건자재	011390	부산산업	5.47	1063	14	1. 상승 추세 / 추세 확대중
건자재	023410	유진기업	2.94	2736	12	1. 상승 추세 / 추세 확대중
건자재	018310	삼목에스폼	1.7	3377	11	1. 상승 추세 / 추세 확대중
건자재	002380	KCC	1.53	28214	71	1. 상승 추세 / 추세 확대중
건자재	300720	한일시멘트	0.48	13055	11	1. 상승 추세 / 추세 확대중
건자재	007110	일신석재	0.38	1700	122	1. 상승 추세 / 추세 확대중
건자재	225190	LK삼양	-0.7	1476	196	2. 상승 추세 / 눌림목
건자재	004980	성신양회	-1.08	2199	15	1. 상승 추세 / 추세 확대중
게임	293490	카카오게임즈	6.55	13664	36	1. 상승 추세 / 추세 확대중
게임	058630	엠게임	3.15	1039	11	1. 상승 추세 / 추세 확대중
게임	225570	넥슨게임즈	0.82	9042	30	1. 상승 추세 / 추세 확대중
게임	036570	엔씨소프트	0.06	36172	152	1. 상승 추세 / 추세 확대중
게임	251270	넷마블	-1.43	47532	39	2. 상승 추세 / 눌림목
게임	194480	데브시스터즈	-1.52	5180	14	2. 상승 추세 / 눌림목
기타	006730	서부T&D	1.85	5616	37	2. 상승 추세 / 눌림목
기타금융	034310	NICE	4.83	4451	14	1. 상승 추세 / 추세 확대중
기타금융	012700	리드코프	4.76	1412	22	1. 상승 추세 / 추세 확대중
기타금융	012030	DB	1.28	3005	22	1. 상승 추세 / 추세 확대중
기타금융	034830	한국토지신탁	0.94	3092	12	1. 상승 추세 / 추세 확대중
기타금융	007330	푸른저축은행	0.75	1392	10	1. 상승 추세 / 추세 확대중
디스플레이 소재	102710	이엔에프테크놀로지	0.0	4293	29	1. 상승 추세 / 추세 확대중
디스플레이 장비	161580	필옵틱스	-0.93	8067	78	1. 상승 추세 / 추세 확대중
디스플레이 패널	034220	LG디스플레이	2.71	42100	33	1. 상승 추세 / 추세 확대중
로봇	090710	휴림로봇	0.94	2320	46	1. 상승 추세 / 추세 확대중
로봇	058610	에스피지	-0.37	5865	65	1. 상승 추세 / 추세 확대중
로봇	388720	유일로보틱스	-0.52	9037	119	1. 상승 추세 / 추세 확대중
로봇	090360	로보스타	-2.1	2539	29	1. 상승 추세 / 추세 확대중
로봇	117730	티로보틱스	-2.93	2344	95	1. 상승 추세 / 추세 확대중
로봇	160190	하이젠알앤엠	-3.12	11721	76	2. 상승 추세 / 눌림목
로봇	108490	로보티즈	-5.57	8918	582	2. 상승 추세 / 눌림목
미디어	034120	SBS	3.7	4999	21	2. 상승 추세 / 눌림목
미디어	214320	이노션	1.85	7368	10	1. 상승 추세 / 추세 확대중
미디어	461300	아이스크림미디어	1.84	2366	16	1. 상승 추세 / 추세 확대중
미디어	030000	제일기획	1.24	21455	33	1. 상승 추세 / 추세 확대중
미디어	067160	SOOP	-2.83	10023	32	2. 상승 추세 / 눌림목
미용기기	336570	원텍	2.15	8988	54	1. 상승 추세 / 추세 확대중
미용기기	251970	펌텍코리아	-1.4	6919	14	2. 상승 추세 / 눌림목
바이오/제약/신약개발	445680	큐리옥스바이오시스템즈	10.48	4933	22	2. 상승 추세 / 눌림목
바이오/제약/신약개발	195940	HK이노엔	9.63	11728	33	1. 상승 추세 / 추세 확대중
바이오/제약/신약개발	041910	폴라리스AI파마	5.22	1157	35	1. 상승 추세 / 추세 확대중
바이오/제약/신약개발	115180	큐리언트	5.2	3591	13	2. 상승 추세 / 눌림목
바이오/제약/신약개발	196170	알테오젠	4.07	205305	2282	1. 상승 추세 / 추세 확대중
바이오/제약/신약개발	214450	파마리서치	3.97	51286	229	1. 상승 추세 / 추세 확대중
바이오/제약/신약개발	237690	에스티팜	3.11	15678	58	1. 상승 추세 / 추세 확대중
바이오/제약/신약개발	298380	에이비엘바이오	2.64	37318	653	2. 상승 추세 / 눌림목
바이오/제약/신약개발	068760	셀트리온제약	2.43	21446	20	1. 상승 추세 / 추세 확대중
바이오/제약/신약개발	082270	젬백스	2.4	21324	79	2. 상승 추세 / 눌림목
바이오/제약/신약개발	206650	유바이오로직스	2.34	4761	10	2. 상승 추세 / 눌림목
바이오/제약/신약개발	068270	셀트리온	2.16	358105	296	1. 상승 추세 / 추세 확대중
바이오/제약/신약개발	397030	에이프릴바이오	2.14	3800	23	2. 상승 추세 / 눌림목
바이오/제약/신약개발	069620	대웅제약	1.93	18805	108	2. 상승 추세 / 눌림목
바이오/제약/신약개발	053030	바이넥스	1.51	5709	57	2. 상승 추세 / 눌림목
바이오/제약/신약개발	382150	온코크로스	1.37	1602	73	2. 상승 추세 / 눌림목
바이오/제약/신약개발	006280	녹십자	1.34	15157	25	1. 상승 추세 / 추세 확대중
바이오/제약/신약개발	330350	위더스제약	1.09	1050	36	2. 상승 추세 / 눌림목
바이오/제약/신약개발	256840	한국비엔씨	0.39	3761	103	2. 상승 추세 / 눌림목
바이오/제약/신약개발	302440	SK바이오사이언스	0.33	36480	30	2. 상승 추세 / 눌림목
바이오/제약/신약개발	092040	아미코젠	0.26	2459	17	2. 상승 추세 / 눌림목
바이오/제약/신약개발	308430	셀비온	0.22	2294	11	1. 상승 추세 / 추세 확대중
바이오/제약/신약개발	086450	동국제약	0.17	7643	14	2. 상승 추세 / 눌림목
바이오/제약/신약개발	003090	대웅	0.0	16454	65	2. 상승 추세 / 눌림목
바이오/제약/신약개발	007390	네이처셀	-0.37	17204	66	2. 상승 추세 / 눌림목
바이오/제약/신약개발	307750	국전약품	-0.38	2076	57	2. 상승 추세 / 눌림목
바이오/제약/신약개발	067080	대화제약	-0.63	3058	20	2. 상승 추세 / 눌림목
바이오/제약/신약개발	140410	메지온	-1.39	11837	32	2. 상승 추세 / 눌림목
바이오/제약/신약개발	019170	신풍제약	-1.47	6072	159	2. 상승 추세 / 눌림목
바이오/제약/신약개발	138610	나이벡	-1.47	3425	116	2. 상승 추세 / 눌림목
바이오/제약/신약개발	378800	샤페론	-1.87	1079	57	2. 상승 추세 / 눌림목
바이오/제약/신약개발	299660	셀리드	-1.97	1597	88	2. 상승 추세 / 눌림목
반도체	131970	두산테스나	-0.36	5363	35	2. 상승 추세 / 눌림목
반도체 소재	101490	에스앤에스텍	1.98	7432	22	1. 상승 추세 / 추세 확대중
반도체 소재	112290	와이씨켐	0.76	2340	10	1. 상승 추세 / 추세 확대중
반도체 소재	089010	켐트로닉스	-0.81	3503	13	1. 상승 추세 / 추세 확대중
반도체 소재	064760	티씨케이	-0.84	10670	16	1. 상승 추세 / 추세 확대중
반도체 장비	183300	코미코	3.31	6276	52	1. 상승 추세 / 추세 확대중
반도체 장비	059090	미코	2.16	4544	26	2. 상승 추세 / 눌림목
반도체 장비	003160	디아이	1.91	4445	66	1. 상승 추세 / 추세 확대중
반도체 장비	240810	원익IPS	1.68	11362	26	1. 상승 추세 / 추세 확대중
반도체 장비	083450	GST	1.15	3475	22	1. 상승 추세 / 추세 확대중
반도체 장비	095340	ISC	1.09	11128	40	1. 상승 추세 / 추세 확대중
반도체 장비	042700	한미반도체	0.97	80286	443	2. 상승 추세 / 눌림목
반도체 장비	319660	피에스케이	0.67	5503	26	1. 상승 추세 / 추세 확대중
반도체 장비	098460	고영	0.25	10936	142	2. 상승 추세 / 눌림목
반도체 장비	140860	파크시스템스	-0.74	18138	34	1. 상승 추세 / 추세 확대중
반도체 장비	089030	테크윙	-1.27	12999	116	2. 상승 추세 / 눌림목
반도체 장비	039030	이오테크닉스	-1.79	18343	95	2. 상승 추세 / 눌림목
반도체 장비	095610	테스	-2.24	4536	14	1. 상승 추세 / 추세 확대중
반도체 장비	323280	태성	-4.21	6816	29	1. 상승 추세 / 추세 확대중
방위산업	005870	휴니드	3.99	1229	13	1. 상승 추세 / 추세 확대중
방위산업	012450	한화에어로스페이스	-2.76	395869	881	1. 상승 추세 / 추세 확대중
방위산업	003570	SNT다이내믹스	-4.37	15229	26	2. 상승 추세 / 눌림목
보험	003690	코리안리	3.11	18410	22	1. 상승 추세 / 추세 확대중
보험	005830	DB손해보험	2.93	73207	106	1. 상승 추세 / 추세 확대중
보험	031210	서울보증보험	1.88	25973	101	1. 상승 추세 / 추세 확대중
보험	001450	현대해상	1.8	22215	58	1. 상승 추세 / 추세 확대중
보험	000810	삼성화재	1.35	193937	280	1. 상승 추세 / 추세 확대중
보험	088350	한화생명	0.31	26620	39	1. 상승 추세 / 추세 확대중
보험	032830	삼성생명	-0.33	215600	351	1. 상승 추세 / 추세 확대중
보험	000370	한화손해보험	-0.82	5650	20	2. 상승 추세 / 눌림목
보험	211050	인카금융서비스	-0.94	6242	37	2. 상승 추세 / 눌림목
섬유/의류	000050	경방	3.09	2154	28	1. 상승 추세 / 추세 확대중
신재생에너지	389260	대명에너지	8.91	4109	68	1. 상승 추세 / 추세 확대중
신재생에너지	017860	DS단석	3.47	4475	18	1. 상승 추세 / 추세 확대중
신재생에너지	448280	에코아이	0.97	3123	47	2. 상승 추세 / 눌림목
신재생에너지	011930	신성이엔지	0.46	3163	46	1. 상승 추세 / 추세 확대중
신재생에너지	009830	한화솔루션	0.32	54919	945	2. 상승 추세 / 눌림목
신재생에너지	112610	씨에스윈드	0.2	21423	291	1. 상승 추세 / 추세 확대중
신재생에너지	018000	유니슨	0.06	2567	48	2. 상승 추세 / 눌림목
신재생에너지	336260	두산퓨얼셀	-0.33	11867	51	1. 상승 추세 / 추세 확대중
신재생에너지	322000	HD현대에너지솔루션	-3.53	6048	459	2. 상승 추세 / 눌림목
엔터테인먼트	352820	하이브	5.1	117250	384	2. 상승 추세 / 눌림목
엔터테인먼트	035760	CJ ENM	3.78	14188	66	1. 상승 추세 / 추세 확대중
엔터테인먼트	079160	CJ CGV	3.43	8088	11	1. 상승 추세 / 추세 확대중
엔터테인먼트	035900	JYP Ent.	3.35	27360	178	1. 상승 추세 / 추세 확대중
엔터테인먼트	041510	에스엠	3.27	29396	125	1. 상승 추세 / 추세 확대중
엔터테인먼트	114090	GKL	1.88	9148	17	2. 상승 추세 / 눌림목
엔터테인먼트	376300	디어유	1.1	12415	61	2. 상승 추세 / 눌림목
엔터테인먼트	037270	YG PLUS	0.88	4110	48	1. 상승 추세 / 추세 확대중
엔터테인먼트	036420	콘텐트리중앙	0.81	2410	11	2. 상승 추세 / 눌림목
엔터테인먼트	253450	스튜디오드래곤	0.61	14939	64	1. 상승 추세 / 추세 확대중
엔터테인먼트	207760	미스터블루	0.31	1355	404	1. 상승 추세 / 추세 확대중
엔터테인먼트	122870	와이지엔터테인먼트	-0.23	15924	111	2. 상승 추세 / 눌림목
엔터테인먼트	419530	SAMG엔터	-7.23	6972	51	2. 상승 추세 / 눌림목
운송/항공/물류	004140	동방	4.98	1180	12	1. 상승 추세 / 추세 확대중
운송/항공/물류	039130	하나투어	4.01	8008	21	1. 상승 추세 / 추세 확대중
운송/항공/물류	005880	대한해운	3.87	5075	48	1. 상승 추세 / 추세 확대중
운송/항공/물류	086280	현대글로비스	3.65	84300	71	1. 상승 추세 / 추세 확대중
운송/항공/물류	000120	CJ대한통운	3.43	18888	64	1. 상승 추세 / 추세 확대중
운송/항공/물류	003280	흥아해운	1.88	3846	16	1. 상승 추세 / 추세 확대중
운송/항공/물류	028670	팬오션	1.22	20073	31	2. 상승 추세 / 눌림목
운송/항공/물류	003490	대한항공	0.88	83954	144	1. 상승 추세 / 추세 확대중
원자력	034020	두산에너빌리티	2.12	266153	2383	1. 상승 추세 / 추세 확대중
원자력	052690	한전기술	0.68	23390	163	1. 상승 추세 / 추세 확대중
원자력	457550	우진엔텍	0.49	1780	20	2. 상승 추세 / 눌림목
원자력	105840	우진	-2.28	1781	17	2. 상승 추세 / 눌림목
유통	007070	GS리테일	11.97	12992	19	1. 상승 추세 / 추세 확대중
유통	023530	롯데쇼핑	5.89	22461	31	1. 상승 추세 / 추세 확대중
유통	499790	GS피앤엘	5.1	6742	63	1. 상승 추세 / 추세 확대중
유통	139480	이마트	3.8	24173	78	1. 상승 추세 / 추세 확대중
유통	001740	SK네트웍스	3.3	9282	16	1. 상승 추세 / 추세 확대중
유통	001250	GS글로벌	2.07	2178	11	1. 상승 추세 / 추세 확대중
유통	001120	LX인터내셔널	1.05	11085	17	1. 상승 추세 / 추세 확대중
유통	032350	롯데관광개발	0.15	10075	66	1. 상승 추세 / 추세 확대중
유통	204620	글로벌텍스프리	-0.67	4252	21	2. 상승 추세 / 눌림목
유통	381970	케이카	-1.26	7713	19	2. 상승 추세 / 눌림목
유통	481070	에이유브랜즈	-15.13	2909	25	2. 상승 추세 / 눌림목
유통/소매	282330	BGF리테일	10.4	18701	86	1. 상승 추세 / 추세 확대중
유통/소매	063170	서울옥션	5.38	1459	26	1. 상승 추세 / 추세 확대중
유통/소매	008770	호텔신라	3.31	19368	64	2. 상승 추세 / 눌림목
유통/소매	000680	LS네트웍스	3.18	3029	40	1. 상승 추세 / 추세 확대중
유통/소매	057050	현대홈쇼핑	3.02	6756	11	1. 상승 추세 / 추세 확대중
유통/소매	034230	파라다이스	2.97	12214	35	2. 상승 추세 / 눌림목
유통/소매	004170	신세계	2.72	16772	28	2. 상승 추세 / 눌림목
유통/소매	025980	아난티	2.56	6638	138	1. 상승 추세 / 추세 확대중
유통/소매	069960	현대백화점	2.12	16428	22	2. 상승 추세 / 눌림목
유통/소매	035250	강원랜드	1.22	36861	41	2. 상승 추세 / 눌림목
유틸리티	128820	대성산업	7.45	1838	23	1. 상승 추세 / 추세 확대중
유틸리티	071320	지역난방공사	4.07	9309	35	1. 상승 추세 / 추세 확대중
유틸리티	015760	한국전력	3.75	188737	744	2. 상승 추세 / 눌림목
유틸리티	036460	한국가스공사	2.23	37479	110	1. 상승 추세 / 추세 확대중
유틸리티	004690	삼천리	2.01	5604	30	2. 상승 추세 / 눌림목
유틸리티	088980	맥쿼리인프라	0.43	55746	57	2. 상승 추세 / 눌림목
은행	323410	카카오뱅크	18.97	113046	71	1. 상승 추세 / 추세 확대중
은행	006220	제주은행	10.51	3632	12	1. 상승 추세 / 추세 확대중
은행	086790	하나금융지주	4.22	209272	501	1. 상승 추세 / 추세 확대중
은행	024110	기업은행	3.99	124797	134	1. 상승 추세 / 추세 확대중
은행	105560	KB금융	3.95	412417	1041	1. 상승 추세 / 추세 확대중
은행	055550	신한지주	2.2	289075	647	1. 상승 추세 / 추세 확대중
음식료	007160	사조산업	13.26	2745	25	1. 상승 추세 / 추세 확대중
음식료	006040	동원산업	6.18	18544	12	1. 상승 추세 / 추세 확대중
음식료	264900	크라운제과	4.43	1105	12	1. 상승 추세 / 추세 확대중
음식료	005300	롯데칠성	2.74	10211	11	1. 상승 추세 / 추세 확대중
음식료	003380	하림지주	2.65	10438	103	2. 상승 추세 / 눌림목
음식료	000080	하이트진로	1.48	14131	20	1. 상승 추세 / 추세 확대중
음식료	136480	하림	1.39	3345	20	2. 상승 추세 / 눌림목
음식료	007310	오뚜기	1.25	15951	10	1. 상승 추세 / 추세 확대중
음식료	136490	선진	0.89	2423	11	2. 상승 추세 / 눌림목
음식료	003230	삼양식품	0.53	84445	423	2. 상승 추세 / 눌림목
음식료	026960	동서	0.37	25872	12	1. 상승 추세 / 추세 확대중
음식료	260970	에스앤디	-1.67	2788	68	2. 상승 추세 / 눌림목
의류	031430	신세계인터내셔날	3.04	3820	10	1. 상승 추세 / 추세 확대중
의류	009970	영원무역홀딩스	2.48	17167	17	1. 상승 추세 / 추세 확대중
의류	111770	영원무역	2.15	27694	19	2. 상승 추세 / 눌림목
의류	194370	제이에스코퍼레이션	1.15	3301	21	2. 상승 추세 / 눌림목
의류	020000	한섬	1.14	3760	25	1. 상승 추세 / 추세 확대중
의류	093050	LF	0.34	5131	19	1. 상승 추세 / 추세 확대중
의류	383220	F&F	0.13	28806	16	2. 상승 추세 / 눌림목
의류	009270	신원	0.05	1818	74	2. 상승 추세 / 눌림목
의류	110790	크리스에프앤씨	-0.91	1269	96	1. 상승 추세 / 추세 확대중
의류	036620	감성코퍼레이션	-1.93	4867	31	2. 상승 추세 / 눌림목
이차전지 소재	452450	피아이이	-3.35	3081	52	2. 상승 추세 / 눌림목
이차전지 소재	336370	솔루스첨단소재	-4.32	6495	46	2. 상승 추세 / 눌림목
이차전지 장비	290670	대보마그네틱	-3.38	1693	79	2. 상승 추세 / 눌림목
이차전지 장비	267320	나인테크	-3.85	1965	128	2. 상승 추세 / 눌림목
자동차	000270	기아	2.58	353928	335	1. 상승 추세 / 추세 확대중
자동차 부품	012330	현대모비스	10.24	231092	217	1. 상승 추세 / 추세 확대중
자동차 부품	015750	성우하이텍	4.0	4456	10	1. 상승 추세 / 추세 확대중
자동차 부품	437730	삼현	1.7	4343	12	2. 상승 추세 / 눌림목
자동차 부품	000240	한국앤컴퍼니	1.12	17914	33	2. 상승 추세 / 눌림목
자동차 부품	010100	한국무브넥스	0.93	1320	10	2. 상승 추세 / 눌림목
자동차 부품	038110	에코플라스틱	-0.47	1257	18	1. 상승 추세 / 추세 확대중
자동차 부품	002350	넥센타이어	-0.75	6524	24	2. 상승 추세 / 눌림목
자동차 부품	204270	제이앤티씨	-1.09	9770	12	2. 상승 추세 / 눌림목
자동차 부품	007860	서연	-1.96	2434	177	2. 상승 추세 / 눌림목
자동차 부품	098070	한텍	-3.92	4481	84	2. 상승 추세 / 눌림목
전력기기	001440	대한전선	12.74	24890	233	1. 상승 추세 / 추세 확대중
전력기기	229640	LS에코에너지	8.04	10274	14	2. 상승 추세 / 눌림목
전력기기	017510	세명전기	7.14	1126	61	1. 상승 추세 / 추세 확대중
전력기기	006340	대원전선	6.47	2196	18	1. 상승 추세 / 추세 확대중
전력기기	032820	우리기술	5.48	3565	87	1. 상승 추세 / 추세 확대중
전력기기	065710	서호전기	5.03	2080	12	2. 상승 추세 / 눌림목
전력기기	033100	제룡전기	4.18	5525	31	1. 상승 추세 / 추세 확대중
전력기기	453450	그리드위즈	4.14	1652	40	1. 상승 추세 / 추세 확대중
전력기기	290690	소룩스	3.65	2002	11	1. 상승 추세 / 추세 확대중
전력기기	103590	일진전기	3.55	14496	54	2. 상승 추세 / 눌림목
전력기기	267260	HD현대일렉트릭	3.34	138601	484	1. 상승 추세 / 추세 확대중
전력기기	000500	가온전선	2.94	11861	36	2. 상승 추세 / 눌림목
전력기기	298040	효성중공업	2.92	60982	122	1. 상승 추세 / 추세 확대중
전력기기	006260	LS	2.11	56285	581	1. 상승 추세 / 추세 확대중
전력기기	199820	제일일렉트릭	1.99	2119	20	1. 상승 추세 / 추세 확대중
전력기기	045390	대아티아이	1.49	3195	58	1. 상승 추세 / 추세 확대중
전력기기	051600	한전KPS	0.56	18990	47	1. 상승 추세 / 추세 확대중
전력기기	140670	알에스오토메이션	-0.39	1460	19	2. 상승 추세 / 눌림목
전력기기	130660	한전산업	-0.94	3670	10	1. 상승 추세 / 추세 확대중
전력기기	119850	지엔씨에너지	-1.4	4868	140	2. 상승 추세 / 눌림목
정유/화학/가스	010950	S-Oil	2.31	63158	65	1. 상승 추세 / 추세 확대중
정유/화학/가스	083420	그린케미칼	2.07	2059	33	2. 상승 추세 / 눌림목
정유/화학/가스	025860	남해화학	1.85	3725	16	1. 상승 추세 / 추세 확대중
정유/화학/가스	003240	태광산업	1.81	11189	37	1. 상승 추세 / 추세 확대중
정유/화학/가스	120110	코오롱인더	1.68	9163	21	2. 상승 추세 / 눌림목
정유/화학/가스	017940	E1	1.58	5268	11	2. 상승 추세 / 눌림목
정유/화학/가스	001390	KG케미칼	1.55	3087	17	2. 상승 추세 / 눌림목
정유/화학/가스	002020	코오롱	0.56	4482	227	2. 상승 추세 / 눌림목
정유/화학/가스	014680	한솔케미칼	0.5	14917	31	1. 상승 추세 / 추세 확대중
정유/화학/가스	456040	OCI	0.17	5228	28	1. 상승 추세 / 추세 확대중
정유/화학/가스	011780	금호석유화학	0.0	31142	73	1. 상승 추세 / 추세 확대중
정유/화학/가스	093370	후성	-0.11	4912	42	1. 상승 추세 / 추세 확대중
정유/화학/가스	285130	SK케미칼	-2.45	10490	20	2. 상승 추세 / 눌림목
정유/화학/가스	008730	율촌화학	-3.19	8134	39	2. 상승 추세 / 눌림목
정유/화학/가스	033500	동성화인텍	-5.18	7767	42	2. 상승 추세 / 눌림목
제지	002310	아세아제지	3.88	3218	18	1. 상승 추세 / 추세 확대중
조선/기계/중공업	060370	LS마린솔루션	23.47	6272	64	1. 상승 추세 / 추세 확대중
조선/기계/중공업	039610	화성밸브	1.91	1077	11	2. 상승 추세 / 눌림목
조선/기계/중공업	036530	SNT홀딩스	1.05	9407	46	2. 상승 추세 / 눌림목
조선/기계/중공업	241560	두산밥캣	0.84	46106	40	1. 상승 추세 / 추세 확대중
조선/기계/중공업	009540	HD한국조선해양	0.78	228597	558	2. 상승 추세 / 눌림목
조선/기계/중공업	100090	SK오션플랜트	0.5	11673	90	2. 상승 추세 / 눌림목
조선/기계/중공업	042670	HD현대인프라코어	0.0	18276	74	2. 상승 추세 / 눌림목
조선/기계/중공업	017800	현대엘리베이터	-0.87	31528	291	1. 상승 추세 / 추세 확대중
조선/기계/중공업	010140	삼성중공업	-0.96	147928	998	2. 상승 추세 / 눌림목
조선/기계/중공업	126720	수산인더스트리	-1.15	3750	20	2. 상승 추세 / 눌림목
조선/기계/중공업	064350	현대로템	-1.48	169061	870	2. 상승 추세 / 눌림목
조선/기계/중공업	443060	HD현대마린솔루션	-2.46	80692	172	2. 상승 추세 / 눌림목
증권	039490	키움증권	10.67	42589	251	1. 상승 추세 / 추세 확대중
증권	001720	신영증권	9.26	19086	107	1. 상승 추세 / 추세 확대중
증권	003530	한화투자증권	7.82	9987	175	1. 상승 추세 / 추세 확대중
증권	001750	한양증권	6.85	2065	10	1. 상승 추세 / 추세 확대중
증권	006800	미래에셋증권	6.68	99178	1285	1. 상승 추세 / 추세 확대중
증권	003540	대신증권	6.19	12312	56	1. 상승 추세 / 추세 확대중
증권	016360	삼성증권	5.2	55633	227	1. 상승 추세 / 추세 확대중
증권	030610	교보증권	4.63	9025	19	1. 상승 추세 / 추세 확대중
증권	001270	부국증권	4.55	4344	156	1. 상승 추세 / 추세 확대중
증권	001200	유진투자증권	4.42	3414	53	1. 상승 추세 / 추세 확대중
증권	071050	한국금융지주	4.21	62858	272	1. 상승 추세 / 추세 확대중
증권	001500	현대차증권	3.69	4612	66	1. 상승 추세 / 추세 확대중
증권	001510	SK증권	3.22	3128	188	1. 상승 추세 / 추세 확대중
증권	078020	LS증권	3.02	2635	57	1. 상승 추세 / 추세 확대중
증권	016610	DB증권	2.78	3302	13	1. 상승 추세 / 추세 확대중
증권	005940	NH투자증권	2.74	59341	123	1. 상승 추세 / 추세 확대중
증권	003470	유안타증권	1.58	7005	31	1. 상승 추세 / 추세 확대중
증권	030210	다올투자증권	0.82	2320	18	2. 상승 추세 / 눌림목
지주회사	001800	오리온홀딩스	10.23	13280	138	1. 상승 추세 / 추세 확대중
지주회사	000140	하이트진로홀딩스	9.38	2309	15	1. 상승 추세 / 추세 확대중
지주회사	032940	원익	9.22	1164	231	1. 상승 추세 / 추세 확대중
지주회사	000150	두산	8.38	87906	677	1. 상승 추세 / 추세 확대중
지주회사	383800	LX홀딩스	7.82	6666	44	1. 상승 추세 / 추세 확대중
지주회사	363280	티와이홀딩스	7.5	1510	18	1. 상승 추세 / 추세 확대중
지주회사	072710	농심홀딩스	6.87	3645	26	1. 상승 추세 / 추세 확대중
지주회사	000320	노루홀딩스	5.87	2498	16	1. 상승 추세 / 추세 확대중
지주회사	487570	HS효성	5.66	2399	49	1. 상승 추세 / 추세 확대중
지주회사	078930	GS	5.38	42090	152	1. 상승 추세 / 추세 확대중
지주회사	034730	SK	4.76	127097	712	1. 상승 추세 / 추세 확대중
지주회사	005740	크라운해태홀딩스	4.74	1189	197	1. 상승 추세 / 추세 확대중
지주회사	005440	현대지에프홀딩스	4.48	12659	35	1. 상승 추세 / 추세 확대중
지주회사	011760	현대코퍼레이션	3.94	3671	20	1. 상승 추세 / 추세 확대중
지주회사	027410	BGF	3.49	4163	19	1. 상승 추세 / 추세 확대중
지주회사	316140	우리금융지주	2.74	148147	452	1. 상승 추세 / 추세 확대중
지주회사	096760	JW홀딩스	2.69	2694	10	1. 상승 추세 / 추세 확대중
지주회사	002790	아모레퍼시픽홀딩스	2.5	21692	32	1. 상승 추세 / 추세 확대중
지주회사	060980	HL홀딩스	2.32	3879	13	1. 상승 추세 / 추세 확대중
지주회사	003550	LG	2.29	117938	180	1. 상승 추세 / 추세 확대중
지주회사	010060	OCI홀딩스	2.21	14543	82	1. 상승 추세 / 추세 확대중
지주회사	000880	한화	2.21	67762	1233	1. 상승 추세 / 추세 확대중
지주회사	047050	포스코인터내셔널	2.18	87873	133	1. 상승 추세 / 추세 확대중
지주회사	138930	BNK금융지주	1.97	35467	93	1. 상승 추세 / 추세 확대중
지주회사	005250	녹십자홀딩스	1.73	7073	17	1. 상승 추세 / 추세 확대중
지주회사	267250	HD현대	1.61	93843	541	2. 상승 추세 / 눌림목
지주회사	005810	풍산홀딩스	1.59	4995	40	1. 상승 추세 / 추세 확대중
지주회사	003030	세아제강지주	1.09	9546	11	2. 상승 추세 / 눌림목
지주회사	139130	iM금융지주	1.06	18769	32	1. 상승 추세 / 추세 확대중
지주회사	001040	CJ	0.98	44144	471	1. 상승 추세 / 추세 확대중
지주회사	006120	SK디스커버리	0.97	9109	18	1. 상승 추세 / 추세 확대중
지주회사	004800	효성	0.89	11082	42	2. 상승 추세 / 눌림목
지주회사	100250	진양홀딩스	0.77	1844	19	1. 상승 추세 / 추세 확대중
지주회사	000070	삼양홀딩스	0.69	7334	69	1. 상승 추세 / 추세 확대중
지주회사	016880	웅진	0.47	1766	29	2. 상승 추세 / 눌림목
지주회사	001230	동국홀딩스	0.24	2629	11	2. 상승 추세 / 눌림목
지주회사	402340	SK스퀘어	0.23	166471	432	1. 상승 추세 / 추세 확대중
지주회사	175330	JB금융지주	0.21	37307	37	2. 상승 추세 / 눌림목
지주회사	036830	솔브레인홀딩스	0.14	7526	58	1. 상승 추세 / 추세 확대중
지주회사	008930	한미사이언스	-0.13	24073	39	1. 상승 추세 / 추세 확대중
지주회사	004990	롯데지주	-0.16	32312	147	2. 상승 추세 / 눌림목
지주회사	030530	원익홀딩스	-0.34	4638	1099	2. 상승 추세 / 눌림목
지주회사	001430	세아베스틸지주	-0.86	8481	27	2. 상승 추세 / 눌림목
지주회사	180640	한진칼	-4.14	98741	204	2. 상승 추세 / 눌림목
진단기기/의료기기	036220	오상헬스케어	4.69	2727	26	1. 상승 추세 / 추세 확대중
진단기기/의료기기	137310	에스디바이오센서	0.0	14122	16	2. 상승 추세 / 눌림목
진단기기/의료기기	475960	토모큐브	-0.2	3167	31	2. 상승 추세 / 눌림목
진단기기/의료기기	240550	동방메디컬	-0.68	2355	56	1. 상승 추세 / 추세 확대중
진단기기/의료기기	389650	넥스트바이오메디컬	-0.8	3701	22	2. 상승 추세 / 눌림목
창업투자/VC	241520	DSC인베스트먼트	7.66	1935	304	1. 상승 추세 / 추세 확대중
창업투자/VC	293580	나우IB	6.73	1424	43	1. 상승 추세 / 추세 확대중
창업투자/VC	041190	우리기술투자	6.43	5955	18	1. 상승 추세 / 추세 확대중
창업투자/VC	100790	미래에셋벤처투자	6.3	2927	17	1. 상승 추세 / 추세 확대중
창업투자/VC	027360	아주IB투자	5.39	2957	27	1. 상승 추세 / 추세 확대중
창업투자/VC	026890	스틱인베스트먼트	3.9	4317	10	1. 상승 추세 / 추세 확대중
철강/비철금속	008970	동양철관	8.11	2319	187	1. 상승 추세 / 추세 확대중
철강/비철금속	004020	현대제철	2.49	36897	66	1. 상승 추세 / 추세 확대중
철강/비철금속	092790	넥스틸	1.66	4053	104	2. 상승 추세 / 눌림목
철강/비철금속	103140	풍산	1.23	17963	68	1. 상승 추세 / 추세 확대중
철강/비철금속	014620	성광벤드	1.03	7498	27	1. 상승 추세 / 추세 확대중
철강/비철금속	044490	태웅	0.0	5201	99	2. 상승 추세 / 눌림목
철강/비철금속	000670	영풍	-1.27	8187	41	1. 상승 추세 / 추세 확대중
카드	029780	삼성카드	7.9	50804	22	1. 상승 추세 / 추세 확대중
통신	189300	인텔리안테크	1.74	4899	24	2. 상승 추세 / 눌림목
통신	050890	쏠리드	1.14	4246	41	1. 상승 추세 / 추세 확대중
통신	032640	LG유플러스	0.93	57676	118	2. 상승 추세 / 눌림목
통신	036630	세종텔레콤	0.0	1348	19	2. 상승 추세 / 눌림목
통신	088800	에이스테크	-4.2	1849	21	2. 상승 추세 / 눌림목
통신	032500	케이엠더블유	-4.71	4483	37	2. 상승 추세 / 눌림목
필수소비재	033780	KT&G	1.23	152211	221	2. 상승 추세 / 눌림목
헬스케어	033230	인성정보	1.11	1113	11	2. 상승 추세 / 눌림목
헬스케어	084110	휴온스글로벌	0.2	6223	17	1. 상승 추세 / 추세 확대중
헬스케어	234690	녹십자웰빙	0.1	1777	23	2. 상승 추세 / 눌림목
헬스케어	194700	노바렉스	0.06	3323	24	2. 상승 추세 / 눌림목
헬스케어	060280	큐렉소	-1.4	4043	16	1. 상승 추세 / 추세 확대중
헬스케어	458870	씨어스테크놀로지	-3.45	2354	13	2. 상승 추세 / 눌림목
홈리빙/가구	039020	이건홀딩스	6.91	1060	37	1. 상승 추세 / 추세 확대중
홈리빙/가구	021240	코웨이	-0.11	65221	65	2. 상승 추세 / 눌림목
화장품	123330	제닉	6.04	2844	44	2. 상승 추세 / 눌림목
화장품	214370	케어젠	3.13	18692	24	2. 상승 추세 / 눌림목
화장품	278470	에이피알	3.06	47133	197	2. 상승 추세 / 눌림목
화장품	352480	씨앤씨인터내셔널	2.29	3645	18	2. 상승 추세 / 눌림목
화장품	090430	아모레퍼시픽	1.75	79082	152	1. 상승 추세 / 추세 확대중
화장품	214420	토니모리	1.6	2220	27	1. 상승 추세 / 추세 확대중
화장품	161890	한국콜마	1.18	20323	92	2. 상승 추세 / 눌림목
화장품	241710	코스메카코리아	1.17	5649	25	2. 상승 추세 / 눌림목
화장품	018290	브이티	0.23	15894	121	2. 상승 추세 / 눌림목
화장품	024720	콜마홀딩스	0.08	4420	78	2. 상승 추세 / 눌림목
화장품	192820	코스맥스	0.0	25536	105	1. 상승 추세 / 추세 확대중
화장품	051900	LG생활건강	-0.29	51774	104	1. 상승 추세 / 추세 확대중
